segment,duration,x^0,x^1,x^2,x^3,x^4,x^5,x^6,x^7,y^0,y^1,y^2,y^3,y^4,y^5,y^6,y^7,z^0,z^1,z^2,z^3,z^4,z^5,z^6,z^7,yaw^0,yaw^1,yaw^2,yaw^3,yaw^4,yaw^5,yaw^6,yaw^7
0.0,8.35847345407,88.75,-1.77052715598e-15,-1.47078659752e-16,-0.270403462203,0.0363859483924,-0.00147547041451,7.75,6.80360817487e-16,-3.9377247313e-17,0.0142697661401,-0.00265875096745,0.000107711798292,0.0,0.0,0.0,0.0,0.0,0.0,0.0,0.0,0.0,0.0,0.0,0.0,0.0,0.0,0.0,0.0
0.0,6.88836474438,48.25,-7.69191047517,-0.144160848482,0.0923218226257,-0.00723856479386,0.000351215815261,7.5,-0.590843900562,-0.127696161736,0.0280420196426,0.000459122210532,-2.06395552e-05,0.0,0.0,0.0,0.0,0.0,0.0,0.0,0.0,0.0,0.0,0.0,0.0,0.0,0.0,0.0,0.0
0.0,11.5842773822,7.75,-2.04608383341,0.850821366102,-0.0411124201403,0.000245842472757,-7.13993655119e-06,7.25,2.00954772866,0.515042779567,-0.0310310474426,0.00014967677881,-6.47787169639e-06,0.0,0.0,0.0,0.0,0.0,0.0,0.0,0.0,0.0,0.0,0.0,0.0,0.0,0.0,0.0,0.0
0.0,7.36587048633,37.25,2.00077026988,-0.490994911206,0.0296334893713,7.01315408095e-05,-6.79091540552e-06,52.75,1.7971594385,-0.543555985568,0.0280408796616,-0.00385278118103,0.000260046446253,0.0,0.0,0.0,0.0,0.0,0.0,0.0,0.0,0.0,0.0,0.0,0.0,0.0,0.0,0.0,0.0
0.0,3.72137861213,37.25,-0.396903371818,0.159522873749,-0.00514887108133,-0.00750170523911,0.00101150878333,42.0,-3.9776268466,-0.138887073407,-0.202126221493,0.173698441263,-0.0233574690977,0.0,0.0,0.0,0.0,0.0,0.0,0.0,0.0,0.0,0.0,0.0,0.0,0.0,0.0,0.0,0.0
segment,duration,x^0,x^1,x^2,x^3,x^4,x^5,x^6,x^7,y^0,y^1,y^2,y^3,y^4,y^5,y^6,y^7,z^0,z^1,z^2,z^3,z^4,z^5,z^6,z^7,yaw^0,yaw^1,yaw^2,yaw^3,yaw^4,yaw^5,yaw^6,yaw^7
0.0,2.15196714156,0.0,3.55847151842e-16,-1.94848555891e-15,0.897383516667,-0.488796207116,0.0766968525229,10.0,2.03442925673e-18,-1.11513840332e-18,0.0021854871104,-0.00153333092997,0.000240594477839,0.0,0.0,0.0,0.0,0.0,0.0,0.0,0.0,0.0,0.0,0.0,0.0,0.0,0.0,0.0,0.0
0.0,2.16956366668,2.0,1.20663966253,-0.144809457701,-0.0812236630907,0.0608784228945,-0.00947809794931,10.0,-0.00496116696829,-0.00451863066006,0.00286237997109,0.000190975406823,-2.97329492484e-05,0.0,0.0,0.0,0.0,0.0,0.0,0.0,0.0,0.0,0.0,0.0,0.0,0.0,0.0,0.0,0.0
0.0,2.15101916239,4.0,0.868148937049,0.0779439664103,-0.0116551879887,-0.00790315798173,0.00124124965298,10.0,0.0203584748815,0.0164687515676,-0.0120210625659,-2.48133082539e-05,3.89863929333e-06,0.0,0.0,0.0,0.0,0.0,0.0,0.0,0.0,0.0,0.0,0.0,0.0,0.0,0.0,0.0,0.0
0.0,2.11064765376,6.0,0.85992624787,-0.0931331297345,0.0623374031213,0.00104706151979,-0.000167202004584,10.0,-0.0762213600869,-0.0614042108264,0.0461980093245,3.46169465576e-06,-5.65683361972e-07,0.0,0.0,0.0,0.0,0.0,0.0,0.0,0.0,0.0,0.0,0.0,0.0,0.0,0.0,0.0,0.0
0.0,2.33183076308,8.0,1.32267310935,0.313846848135,-0.219947350748,-0.000103691722024,1.4998035219e-05,10.0,0.282054666094,0.231156473459,-0.151003086578,-1.4254045887e-06,2.77785465769e-07,0.0,0.0,0.0,0.0,0.0,0.0,0.0,0.0,0.0,0.0,0.0,0.0,0.0,0.0,0.0,0.0
0.0,2.49608357972,10.0,-0.804505792297,-1.2262648727,0.298872282806,1.12047996157e-05,-1.52023091624e-06,10.0,-1.10312541213,-0.825189185059,0.250431146988,7.32575026019e-06,-1.43445417009e-06,0.0,0.0,0.0,0.0,0.0,0.0,0.0,0.0,0.0,0.0,0.0,0.0,0.0,0.0,0.0,0.0
0.0,2.30196661461,5.0,-1.3395429879,1.01193428129,-0.186802912829,-2.01512734233e-06,3.14677092231e-07,6.0,-0.541579356744,1.05014117998,-0.189949151432,-6.9374482058e-05,1.48146681629e-05,0.0,0.0,0.0,0.0,0.0,0.0,0.0,0.0,0.0,0.0,0.0,0.0,0.0,0.0,0.0,0.0
0.0,2.16361452881,5.0,0.349654583182,-0.278125608455,0.0538504876859,2.83754230684e-06,-6.26187857219e-07,8.0,1.2722526676,-0.262019090423,0.0460878597363,0.00063898054895,-0.000145111130989,0.0,0.0,0.0,0.0,0.0,0.0,0.0,0.0,0.0,0.0,0.0,0.0,0.0,0.0,0.0,0.0
0.0,2.38690483935,5.0,-0.0975549959411,0.0714235928952,-0.0127803497833,-1.61842935405e-05,3.31470619296e-06,10.0,0.795665859404,0.0403780790123,-0.00462545238732,-0.00399866286262,0.00081936525767,0.0,0.0,0.0,0.0,0.0,0.0,0.0,0.0,0.0,0.0,0.0,0.0,0.0,0.0,0.0,0.0
0.0,2.13418129285,5.0,0.0246248258348,-0.0201947541657,0.00387682782292,0.000165354630927,-3.81213956882e-05,12.0,0.824835751365,-0.0180084260472,-0.0112658895283,0.0409178825219,-0.0094334184392,0.0,0.0,0.0,0.0,0.0,0.0,0.0,0.0,0.0,0.0,0.0,0.0,0.0,0.0,0.0,0.0
0.0,2.20410599583,5.0,-0.00612499337821,0.00543990333054,0.000160520592114,-0.00121688177065,0.000270543482304,14.0,1.20650776933,0.111097575567,0.226506852891,-0.301131505932,0.0669491306552,0.0,0.0,0.0,0.0,0.0,0.0,0.0,0.0,0.0,0.0,0.0,0.0,0.0,0.0,0.0,0.0
segment,duration,x^0,x^1,x^2,x^3,x^4,x^5,x^6,x^7,y^0,y^1,y^2,y^3,y^4,y^5,y^6,y^7,z^0,z^1,z^2,z^3,z^4,z^5,z^6,z^7,yaw^0,yaw^1,yaw^2,yaw^3,yaw^4,yaw^5,yaw^6,yaw^7
0.0,1.56933148057,0.0,1.95298097143e-16,0.0,1.95048068226,-1.38569420549,0.301126535632,10.0,-5.68028033249e-29,0.0,3.19744231092e-14,-2.48689957516e-14,3.5527136788e-15,0.0,0.0,0.0,0.0,0.0,0.0,0.0,0.0,0.0,0.0,0.0,0.0,0.0,0.0,0.0,0.0
0.0,0.936871099764,2.0,2.12061069833,0.345069760656,-0.729359259541,0.608823927695,-0.22010927972,10.0,-5.95079541199e-14,-1.00364161426e-13,1.14337901349e-12,-1.60335737582e-12,6.05432062282e-13,0.0,0.0,0.0,0.0,0.0,0.0,0.0,0.0,0.0,0.0,0.0,0.0,0.0,0.0,0.0,0.0
0.0,1.01757147042,4.0,2.00137321808,-0.308571594774,0.331224463225,-0.101993967627,0.0397431570043,10.0,-1.81234978976e-13,-2.54241072639e-13,2.45904047336e-12,-3.3947767952e-12,1.38374804725e-12,0.0,0.0,0.0,0.0,0.0,0.0,0.0,0.0,0.0,0.0,0.0,0.0,0.0,0.0,0.0,0.0
0.0,0.850418544422,6.0,2.18546693601,0.487642515189,-0.553903546984,0.484425519001,-0.278571644242,10.0,-7.19424519957e-14,5.64437385719e-13,-1.50882396041e-12,1.63054403225e-12,-6.72049884046e-13,0.0,0.0,0.0,0.0,0.0,0.0,0.0,0.0,0.0,0.0,0.0,0.0,0.0,0.0,0.0,0.0
0.0,1.56478029482,8.0,2.27634675951,-0.536730176501,0.671027104629,-0.908589044883,0.280185631823,10.0,1.07275299754e-14,-4.76008121808e-14,6.6082685038e-14,-3.44435046112e-14,7.06628370445e-15,0.0,0.0,0.0,0.0,0.0,0.0,0.0,0.0,0.0,0.0,0.0,0.0,0.0,0.0,0.0,0.0
segment,duration,x^0,x^1,x^2,x^3,x^4,x^5,x^6,x^7,y^0,y^1,y^2,y^3,y^4,y^5,y^6,y^7,z^0,z^1,z^2,z^3,z^4,z^5,z^6,z^7,yaw^0,yaw^1,yaw^2,yaw^3,yaw^4,yaw^5,yaw^6,yaw^7
0.0,1.56933148057,0.0,1.95298097143e-16,0.0,1.95048068226,-1.38569420549,0.301126535632,10.0,-5.68028033249e-29,0.0,3.19744231092e-14,-2.48689957516e-14,3.5527136788e-15,0.0,0.0,0.0,0.0,0.0,0.0,0.0,0.0,0.0,0.0,0.0,0.0,0.0,0.0,0.0,0.0
0.0,0.936871099764,2.0,2.12061069833,0.345069760656,-0.729359259541,0.608823927695,-0.22010927972,10.0,-5.95079541199e-14,-1.00364161426e-13,1.14337901349e-12,-1.60335737582e-12,6.05432062282e-13,0.0,0.0,0.0,0.0,0.0,0.0,0.0,0.0,0.0,0.0,0.0,0.0,0.0,0.0,0.0,0.0
0.0,1.01757147042,4.0,2.00137321808,-0.308571594774,0.331224463225,-0.101993967627,0.0397431570043,10.0,-1.81234978976e-13,-2.54241072639e-13,2.45904047336e-12,-3.3947767952e-12,1.38374804725e-12,0.0,0.0,0.0,0.0,0.0,0.0,0.0,0.0,0.0,0.0,0.0,0.0,0.0,0.0,0.0,0.0
0.0,0.850418544422,6.0,2.18546693601,0.487642515189,-0.553903546984,0.484425519001,-0.278571644242,10.0,-7.19424519957e-14,5.64437385719e-13,-1.50882396041e-12,1.63054403225e-12,-6.72049884046e-13,0.0,0.0,0.0,0.0,0.0,0.0,0.0,0.0,0.0,0.0,0.0,0.0,0.0,0.0,0.0,0.0
0.0,1.56478029482,8.0,2.27634675951,-0.536730176501,0.671027104629,-0.908589044883,0.280185631823,10.0,1.07275299754e-14,-4.76008121808e-14,6.6082685038e-14,-3.44435046112e-14,7.06628370445e-15,0.0,0.0,0.0,0.0,0.0,0.0,0.0,0.0,0.0,0.0,0.0,0.0,0.0,0.0,0.0,0.0
segment,duration,x^0,x^1,x^2,x^3,x^4,x^5,x^6,x^7,y^0,y^1,y^2,y^3,y^4,y^5,y^6,y^7,z^0,z^1,z^2,z^3,z^4,z^5,z^6,z^7,yaw^0,yaw^1,yaw^2,yaw^3,yaw^4,yaw^5,yaw^6,yaw^7
0.0,1.56933148057,0.0,1.95298097143e-16,0.0,1.95048068226,-1.38569420549,0.301126535632,10.0,-5.68028033249e-29,0.0,3.19744231092e-14,-2.48689957516e-14,3.5527136788e-15,0.0,0.0,0.0,0.0,0.0,0.0,0.0,0.0,0.0,0.0,0.0,0.0,0.0,0.0,0.0,0.0
0.0,0.936871099764,2.0,2.12061069833,0.345069760656,-0.729359259541,0.608823927695,-0.22010927972,10.0,-5.95079541199e-14,-1.00364161426e-13,1.14337901349e-12,-1.60335737582e-12,6.05432062282e-13,0.0,0.0,0.0,0.0,0.0,0.0,0.0,0.0,0.0,0.0,0.0,0.0,0.0,0.0,0.0,0.0
0.0,1.01757147042,4.0,2.00137321808,-0.308571594774,0.331224463225,-0.101993967627,0.0397431570043,10.0,-1.81234978976e-13,-2.54241072639e-13,2.45904047336e-12,-3.3947767952e-12,1.38374804725e-12,0.0,0.0,0.0,0.0,0.0,0.0,0.0,0.0,0.0,0.0,0.0,0.0,0.0,0.0,0.0,0.0
0.0,0.850418544422,6.0,2.18546693601,0.487642515189,-0.553903546984,0.484425519001,-0.278571644242,10.0,-7.19424519957e-14,5.64437385719e-13,-1.50882396041e-12,1.63054403225e-12,-6.72049884046e-13,0.0,0.0,0.0,0.0,0.0,0.0,0.0,0.0,0.0,0.0,0.0,0.0,0.0,0.0,0.0,0.0
0.0,1.56478029482,8.0,2.27634675951,-0.536730176501,0.671027104629,-0.908589044883,0.280185631823,10.0,1.07275299754e-14,-4.76008121808e-14,6.6082685038e-14,-3.44435046112e-14,7.06628370445e-15,0.0,0.0,0.0,0.0,0.0,0.0,0.0,0.0,0.0,0.0,0.0,0.0,0.0,0.0,0.0,0.0
segment,duration,x^0,x^1,x^2,x^3,x^4,x^5,x^6,x^7,y^0,y^1,y^2,y^3,y^4,y^5,y^6,y^7,z^0,z^1,z^2,z^3,z^4,z^5,z^6,z^7,yaw^0,yaw^1,yaw^2,yaw^3,yaw^4,yaw^5,yaw^6,yaw^7
0.0,2.37001463078,0.0,-1.40129782695e-15,1.347192625e-15,0.642112737692,-0.313983612262,0.0449121235174,10.0,-7.06771641541e-19,7.75846785941e-19,-0.000347329285151,0.000221714213393,-3.17140139708e-05,0.0,0.0,0.0,0.0,0.0,0.0,0.0,0.0,0.0,0.0,0.0,0.0,0.0,0.0,0.0,0.0
0.0,1.94552174729,2.0,1.18577199841,-0.0375317976553,-0.105118050768,0.0641277854272,-0.0111055085473,10.0,0.000950349877124,0.000780780648085,-0.000593970223279,-4.52980544417e-05,7.84586724203e-06,0.0,0.0,0.0,0.0,0.0,0.0,0.0,0.0,0.0,0.0,0.0,0.0,0.0,0.0,0.0,0.0
0.0,2.19366036977,4.0,0.93950231642,-0.0124963129134,0.00874704143708,-0.00607969304741,0.000937740126822,10.0,-0.00352848628872,-0.00313693670825,0.00215691106401,4.38658661257e-06,-6.83009277977e-07,0.0,0.0,0.0,0.0,0.0,0.0,0.0,0.0,0.0,0.0,0.0,0.0,0.0,0.0,0.0,0.0
0.0,1.98677907697,6.0,0.862814003211,-0.0314805647278,0.050999153708,0.000975522932113,-0.000165172312151,10.0,0.0139530195153,0.0111122077069,-0.00912606770928,-1.61488842138e-06,3.45877881494e-07,0.0,0.0,0.0,0.0,0.0,0.0,0.0,0.0,0.0,0.0,0.0,0.0,0.0,0.0,0.0,0.0
0.0,2.42011728199,8.0,1.359383574,0.282642162034,-0.207665592806,-7.60716461651e-05,1.06231564469e-05,10.0,-0.0499854270745,-0.0432933549298,0.0264175192734,4.6486842713e-06,-9.33576409168e-07,0.0,0.0,0.0,0.0,0.0,0.0,0.0,0.0,0.0,0.0,0.0,0.0,0.0,0.0,0.0,0.0
0.0,2.42151379148,10.0,-0.92392508417,-1.22625061859,0.311812860986,1.06098386938e-05,-1.54131432056e-06,10.0,0.20474769267,0.148538162811,-0.0257878834354,-3.55050963271e-05,7.19000117411e-06,0.0,0.0,0.0,0.0,0.0,0.0,0.0,0.0,0.0,0.0,0.0,0.0,0.0,0.0,0.0,0.0
0.0,2.30989144933,5.0,-1.37719464423,1.03908123767,-0.191713456628,-9.8196475562e-06,1.9964095235e-06,11.0,0.469702147902,-0.039027221441,0.00963409387239,0.000313087829829,-6.65674235623e-05,0.0,0.0,0.0,0.0,0.0,0.0,0.0,0.0,0.0,0.0,0.0,0.0,0.0,0.0,0.0,0.0
0.0,2.12972003316,5.0,0.35421706866,-0.289498896512,0.0577494074453,8.14104227183e-05,-1.877699293e-05,12.0,0.449575213702,0.0295527732669,-0.00621173713752,-0.00301258384666,0.000695412799957,0.0,0.0,0.0,0.0,0.0,0.0,0.0,0.0,0.0,0.0,0.0,0.0,0.0,0.0,0.0,0.0
0.0,2.01730544502,5.0,-0.0918687151999,0.0798730189424,-0.0162655798241,-0.00073417620325,0.000178778882282,13.0,0.446058333142,-0.0249448082923,-0.00338933319165,0.0272387242228,-0.00663297604573,0.0,0.0,0.0,0.0,0.0,0.0,0.0,0.0,0.0,0.0,0.0,0.0,0.0,0.0,0.0,0.0
0.0,2.02130017836,5.0,0.0225034740844,-0.0218145892468,-0.000670478906221,0.00578158903831,-0.00140281492662,14.0,0.649254830882,0.0751026287891,0.145966051866,-0.214512095786,0.0520481188912,0.0,0.0,0.0,0.0,0.0,0.0,0.0,0.0,0.0,0.0,0.0,0.0,0.0,0.0,0.0,0.0
segment,duration,x^0,x^1,x^2,x^3,x^4,x^5,x^6,x^7,y^0,y^1,y^2,y^3,y^4,y^5,y^6,y^7,z^0,z^1,z^2,z^3,z^4,z^5,z^6,z^7,yaw^0,yaw^1,yaw^2,yaw^3,yaw^4,yaw^5,yaw^6,yaw^7
0.0,2.37001463078,0.0,-1.40129782695e-15,1.347192625e-15,0.642112737692,-0.313983612262,0.0449121235174,10.0,-7.06771641541e-19,7.75846785941e-19,-0.000347329285151,0.000221714213393,-3.17140139708e-05,0.0,0.0,0.0,0.0,0.0,0.0,0.0,0.0,0.0,0.0,0.0,0.0,0.0,0.0,0.0,0.0
0.0,1.94552174729,2.0,1.18577199841,-0.0375317976553,-0.105118050768,0.0641277854272,-0.0111055085473,10.0,0.000950349877124,0.000780780648085,-0.000593970223279,-4.52980544417e-05,7.84586724203e-06,0.0,0.0,0.0,0.0,0.0,0.0,0.0,0.0,0.0,0.0,0.0,0.0,0.0,0.0,0.0,0.0
0.0,2.19366036977,4.0,0.93950231642,-0.0124963129134,0.00874704143708,-0.00607969304741,0.000937740126822,10.0,-0.00352848628872,-0.00313693670825,0.00215691106401,4.38658661257e-06,-6.83009277977e-07,0.0,0.0,0.0,0.0,0.0,0.0,0.0,0.0,0.0,0.0,0.0,0.0,0.0,0.0,0.0,0.0
0.0,1.98677907697,6.0,0.862814003211,-0.0314805647278,0.050999153708,0.000975522932113,-0.000165172312151,10.0,0.0139530195153,0.0111122077069,-0.00912606770928,-1.61488842138e-06,3.45877881494e-07,0.0,0.0,0.0,0.0,0.0,0.0,0.0,0.0,0.0,0.0,0.0,0.0,0.0,0.0,0.0,0.0
0.0,2.42011728199,8.0,1.359383574,0.282642162034,-0.207665592806,-7.60716461651e-05,1.06231564469e-05,10.0,-0.0499854270745,-0.0432933549298,0.0264175192734,4.6486842713e-06,-9.33576409168e-07,0.0,0.0,0.0,0.0,0.0,0.0,0.0,0.0,0.0,0.0,0.0,0.0,0.0,0.0,0.0,0.0
0.0,2.42151379148,10.0,-0.92392508417,-1.22625061859,0.311812860986,1.06098386938e-05,-1.54131432056e-06,10.0,0.20474769267,0.148538162811,-0.0257878834354,-3.55050963271e-05,7.19000117411e-06,0.0,0.0,0.0,0.0,0.0,0.0,0.0,0.0,0.0,0.0,0.0,0.0,0.0,0.0,0.0,0.0
0.0,2.30989144933,5.0,-1.37719464423,1.03908123767,-0.191713456628,-9.8196475562e-06,1.9964095235e-06,11.0,0.469702147902,-0.039027221441,0.00963409387239,0.000313087829829,-6.65674235623e-05,0.0,0.0,0.0,0.0,0.0,0.0,0.0,0.0,0.0,0.0,0.0,0.0,0.0,0.0,0.0,0.0
0.0,2.12972003316,5.0,0.35421706866,-0.289498896512,0.0577494074453,8.14104227183e-05,-1.877699293e-05,12.0,0.449575213702,0.0295527732669,-0.00621173713752,-0.00301258384666,0.000695412799957,0.0,0.0,0.0,0.0,0.0,0.0,0.0,0.0,0.0,0.0,0.0,0.0,0.0,0.0,0.0,0.0
0.0,2.01730544502,5.0,-0.0918687151999,0.0798730189424,-0.0162655798241,-0.00073417620325,0.000178778882282,13.0,0.446058333142,-0.0249448082923,-0.00338933319165,0.0272387242228,-0.00663297604573,0.0,0.0,0.0,0.0,0.0,0.0,0.0,0.0,0.0,0.0,0.0,0.0,0.0,0.0,0.0,0.0
0.0,2.02130017836,5.0,0.0225034740844,-0.0218145892468,-0.000670478906221,0.00578158903831,-0.00140281492662,14.0,0.649254830882,0.0751026287891,0.145966051866,-0.214512095786,0.0520481188912,0.0,0.0,0.0,0.0,0.0,0.0,0.0,0.0,0.0,0.0,0.0,0.0,0.0,0.0,0.0,0.0
segment,duration,x^0,x^1,x^2,x^3,x^4,x^5,x^6,x^7,y^0,y^1,y^2,y^3,y^4,y^5,y^6,y^7,z^0,z^1,z^2,z^3,z^4,z^5,z^6,z^7,yaw^0,yaw^1,yaw^2,yaw^3,yaw^4,yaw^5,yaw^6,yaw^7
0.0,1.56933148057,0.0,1.95298097143e-16,0.0,1.95048068226,-1.38569420549,0.301126535632,10.0,-5.68028033249e-29,0.0,3.19744231092e-14,-2.48689957516e-14,3.5527136788e-15,0.0,0.0,0.0,0.0,0.0,0.0,0.0,0.0,0.0,0.0,0.0,0.0,0.0,0.0,0.0,0.0
0.0,0.936871099764,2.0,2.12061069833,0.345069760656,-0.729359259541,0.608823927695,-0.22010927972,10.0,-5.95079541199e-14,-1.00364161426e-13,1.14337901349e-12,-1.60335737582e-12,6.05432062282e-13,0.0,0.0,0.0,0.0,0.0,0.0,0.0,0.0,0.0,0.0,0.0,0.0,0.0,0.0,0.0,0.0
0.0,1.01757147042,4.0,2.00137321808,-0.308571594774,0.331224463225,-0.101993967627,0.0397431570043,10.0,-1.81234978976e-13,-2.54241072639e-13,2.45904047336e-12,-3.3947767952e-12,1.38374804725e-12,0.0,0.0,0.0,0.0,0.0,0.0,0.0,0.0,0.0,0.0,0.0,0.0,0.0,0.0,0.0,0.0
0.0,0.850418544422,6.0,2.18546693601,0.487642515189,-0.553903546984,0.484425519001,-0.278571644242,10.0,-7.19424519957e-14,5.64437385719e-13,-1.50882396041e-12,1.63054403225e-12,-6.72049884046e-13,0.0,0.0,0.0,0.0,0.0,0.0,0.0,0.0,0.0,0.0,0.0,0.0,0.0,0.0,0.0,0.0
0.0,1.56478029482,8.0,2.27634675951,-0.536730176501,0.671027104629,-0.908589044883,0.280185631823,10.0,1.07275299754e-14,-4.76008121808e-14,6.6082685038e-14,-3.44435046112e-14,7.06628370445e-15,0.0,0.0,0.0,0.0,0.0,0.0,0.0,0.0,0.0,0.0,0.0,0.0,0.0,0.0,0.0,0.0
segment,duration,x^0,x^1,x^2,x^3,x^4,x^5,x^6,x^7,y^0,y^1,y^2,y^3,y^4,y^5,y^6,y^7,z^0,z^1,z^2,z^3,z^4,z^5,z^6,z^7,yaw^0,yaw^1,yaw^2,yaw^3,yaw^4,yaw^5,yaw^6,yaw^7
0.0,1.56933148057,0.0,1.95298097143e-16,0.0,1.95048068226,-1.38569420549,0.301126535632,10.0,-5.68028033249e-29,0.0,3.19744231092e-14,-2.48689957516e-14,3.5527136788e-15,0.0,0.0,0.0,0.0,0.0,0.0,0.0,0.0,0.0,0.0,0.0,0.0,0.0,0.0,0.0,0.0
0.0,0.936871099764,2.0,2.12061069833,0.345069760656,-0.729359259541,0.608823927695,-0.22010927972,10.0,-5.95079541199e-14,-1.00364161426e-13,1.14337901349e-12,-1.60335737582e-12,6.05432062282e-13,0.0,0.0,0.0,0.0,0.0,0.0,0.0,0.0,0.0,0.0,0.0,0.0,0.0,0.0,0.0,0.0
0.0,1.01757147042,4.0,2.00137321808,-0.308571594774,0.331224463225,-0.101993967627,0.0397431570043,10.0,-1.81234978976e-13,-2.54241072639e-13,2.45904047336e-12,-3.3947767952e-12,1.38374804725e-12,0.0,0.0,0.0,0.0,0.0,0.0,0.0,0.0,0.0,0.0,0.0,0.0,0.0,0.0,0.0,0.0
0.0,0.850418544422,6.0,2.18546693601,0.487642515189,-0.553903546984,0.484425519001,-0.278571644242,10.0,-7.19424519957e-14,5.64437385719e-13,-1.50882396041e-12,1.63054403225e-12,-6.72049884046e-13,0.0,0.0,0.0,0.0,0.0,0.0,0.0,0.0,0.0,0.0,0.0,0.0,0.0,0.0,0.0,0.0
0.0,1.56478029482,8.0,2.27634675951,-0.536730176501,0.671027104629,-0.908589044883,0.280185631823,10.0,1.07275299754e-14,-4.76008121808e-14,6.6082685038e-14,-3.44435046112e-14,7.06628370445e-15,0.0,0.0,0.0,0.0,0.0,0.0,0.0,0.0,0.0,0.0,0.0,0.0,0.0,0.0,0.0,0.0
1.0,3.29547744795,10.0,-9.76932832868e-17,-2.155823309e-15,-0.238619751168,0.0669547717968,-0.00606345100604,10.0,7.08668439265e-16,2.54542993425e-16,-0.143294966293,0.0688462873105,-0.00769665818073,0.0,0.0,0.0,0.0,0.0,0.0,0.0,0.0,0.0,0.0,0.0,0.0,0.0,0.0,0.0,0.0
1.0,1.61660265236,7.0,-1.7649854402,-0.166333421029,-0.373027693254,0.859337296823,-0.272181745535,10.0,0.648433169244,0.314820091065,0.293985071346,-0.606945986786,0.184066821566,0.0,0.0,0.0,0.0,0.0,0.0,0.0,0.0,0.0,0.0,0.0,0.0,0.0,0.0,0.0,0.0
segment,duration,x^0,x^1,x^2,x^3,x^4,x^5,x^6,x^7,y^0,y^1,y^2,y^3,y^4,y^5,y^6,y^7,z^0,z^1,z^2,z^3,z^4,z^5,z^6,z^7,yaw^0,yaw^1,yaw^2,yaw^3,yaw^4,yaw^5,yaw^6,yaw^7
0.0,1.56933148057,0.0,1.95298097143e-16,0.0,1.95048068226,-1.38569420549,0.301126535632,10.0,-5.68028033249e-29,0.0,3.19744231092e-14,-2.48689957516e-14,3.5527136788e-15,0.0,0.0,0.0,0.0,0.0,0.0,0.0,0.0,0.0,0.0,0.0,0.0,0.0,0.0,0.0,0.0
0.0,0.936871099764,2.0,2.12061069833,0.345069760656,-0.729359259541,0.608823927695,-0.22010927972,10.0,-5.95079541199e-14,-1.00364161426e-13,1.14337901349e-12,-1.60335737582e-12,6.05432062282e-13,0.0,0.0,0.0,0.0,0.0,0.0,0.0,0.0,0.0,0.0,0.0,0.0,0.0,0.0,0.0,0.0
0.0,1.01757147042,4.0,2.00137321808,-0.308571594774,0.331224463225,-0.101993967627,0.0397431570043,10.0,-1.81234978976e-13,-2.54241072639e-13,2.45904047336e-12,-3.3947767952e-12,1.38374804725e-12,0.0,0.0,0.0,0.0,0.0,0.0,0.0,0.0,0.0,0.0,0.0,0.0,0.0,0.0,0.0,0.0
0.0,0.850418544422,6.0,2.18546693601,0.487642515189,-0.553903546984,0.484425519001,-0.278571644242,10.0,-7.19424519957e-14,5.64437385719e-13,-1.50882396041e-12,1.63054403225e-12,-6.72049884046e-13,0.0,0.0,0.0,0.0,0.0,0.0,0.0,0.0,0.0,0.0,0.0,0.0,0.0,0.0,0.0,0.0
0.0,1.56478029482,8.0,2.27634675951,-0.536730176501,0.671027104629,-0.908589044883,0.280185631823,10.0,1.07275299754e-14,-4.76008121808e-14,6.6082685038e-14,-3.44435046112e-14,7.06628370445e-15,0.0,0.0,0.0,0.0,0.0,0.0,0.0,0.0,0.0,0.0,0.0,0.0,0.0,0.0,0.0,0.0
segment,duration,x^0,x^1,x^2,x^3,x^4,x^5,x^6,x^7,y^0,y^1,y^2,y^3,y^4,y^5,y^6,y^7,z^0,z^1,z^2,z^3,z^4,z^5,z^6,z^7,yaw^0,yaw^1,yaw^2,yaw^3,yaw^4,yaw^5,yaw^6,yaw^7
0.0,1.56933148057,0.0,1.95298097143e-16,0.0,1.95048068226,-1.38569420549,0.301126535632,10.0,-5.68028033249e-29,0.0,3.19744231092e-14,-2.48689957516e-14,3.5527136788e-15,0.0,0.0,0.0,0.0,0.0,0.0,0.0,0.0,0.0,0.0,0.0,0.0,0.0,0.0,0.0,0.0
0.0,0.936871099764,2.0,2.12061069833,0.345069760656,-0.729359259541,0.608823927695,-0.22010927972,10.0,-5.95079541199e-14,-1.00364161426e-13,1.14337901349e-12,-1.60335737582e-12,6.05432062282e-13,0.0,0.0,0.0,0.0,0.0,0.0,0.0,0.0,0.0,0.0,0.0,0.0,0.0,0.0,0.0,0.0
0.0,1.01757147042,4.0,2.00137321808,-0.308571594774,0.331224463225,-0.101993967627,0.0397431570043,10.0,-1.81234978976e-13,-2.54241072639e-13,2.45904047336e-12,-3.3947767952e-12,1.38374804725e-12,0.0,0.0,0.0,0.0,0.0,0.0,0.0,0.0,0.0,0.0,0.0,0.0,0.0,0.0,0.0,0.0
0.0,0.850418544422,6.0,2.18546693601,0.487642515189,-0.553903546984,0.484425519001,-0.278571644242,10.0,-7.19424519957e-14,5.64437385719e-13,-1.50882396041e-12,1.63054403225e-12,-6.72049884046e-13,0.0,0.0,0.0,0.0,0.0,0.0,0.0,0.0,0.0,0.0,0.0,0.0,0.0,0.0,0.0,0.0
0.0,1.56478029482,8.0,2.27634675951,-0.536730176501,0.671027104629,-0.908589044883,0.280185631823,10.0,1.07275299754e-14,-4.76008121808e-14,6.6082685038e-14,-3.44435046112e-14,7.06628370445e-15,0.0,0.0,0.0,0.0,0.0,0.0,0.0,0.0,0.0,0.0,0.0,0.0,0.0,0.0,0.0,0.0
segment,duration,x^0,x^1,x^2,x^3,x^4,x^5,x^6,x^7,y^0,y^1,y^2,y^3,y^4,y^5,y^6,y^7,z^0,z^1,z^2,z^3,z^4,z^5,z^6,z^7,yaw^0,yaw^1,yaw^2,yaw^3,yaw^4,yaw^5,yaw^6,yaw^7
0.0,1.56933148057,0.0,1.95298097143e-16,0.0,1.95048068226,-1.38569420549,0.301126535632,10.0,-5.68028033249e-29,0.0,3.19744231092e-14,-2.48689957516e-14,3.5527136788e-15,0.0,0.0,0.0,0.0,0.0,0.0,0.0,0.0,0.0,0.0,0.0,0.0,0.0,0.0,0.0,0.0
0.0,0.936871099764,2.0,2.12061069833,0.345069760656,-0.729359259541,0.608823927695,-0.22010927972,10.0,-5.95079541199e-14,-1.00364161426e-13,1.14337901349e-12,-1.60335737582e-12,6.05432062282e-13,0.0,0.0,0.0,0.0,0.0,0.0,0.0,0.0,0.0,0.0,0.0,0.0,0.0,0.0,0.0,0.0
0.0,1.01757147042,4.0,2.00137321808,-0.308571594774,0.331224463225,-0.101993967627,0.0397431570043,10.0,-1.81234978976e-13,-2.54241072639e-13,2.45904047336e-12,-3.3947767952e-12,1.38374804725e-12,0.0,0.0,0.0,0.0,0.0,0.0,0.0,0.0,0.0,0.0,0.0,0.0,0.0,0.0,0.0,0.0
0.0,0.850418544422,6.0,2.18546693601,0.487642515189,-0.553903546984,0.484425519001,-0.278571644242,10.0,-7.19424519957e-14,5.64437385719e-13,-1.50882396041e-12,1.63054403225e-12,-6.72049884046e-13,0.0,0.0,0.0,0.0,0.0,0.0,0.0,0.0,0.0,0.0,0.0,0.0,0.0,0.0,0.0,0.0
0.0,1.56478029482,8.0,2.27634675951,-0.536730176501,0.671027104629,-0.908589044883,0.280185631823,10.0,1.07275299754e-14,-4.76008121808e-14,6.6082685038e-14,-3.44435046112e-14,7.06628370445e-15,0.0,0.0,0.0,0.0,0.0,0.0,0.0,0.0,0.0,0.0,0.0,0.0,0.0,0.0,0.0,0.0
1.0,3.29547744795,10.0,-9.76932832868e-17,-2.155823309e-15,-0.238619751168,0.0669547717968,-0.00606345100604,10.0,7.08668439265e-16,2.54542993425e-16,-0.143294966293,0.0688462873105,-0.00769665818073,0.0,0.0,0.0,0.0,0.0,0.0,0.0,0.0,0.0,0.0,0.0,0.0,0.0,0.0,0.0,0.0
1.0,1.61660265236,7.0,-1.7649854402,-0.166333421029,-0.373027693254,0.859337296823,-0.272181745535,10.0,0.648433169244,0.314820091065,0.293985071346,-0.606945986786,0.184066821566,0.0,0.0,0.0,0.0,0.0,0.0,0.0,0.0,0.0,0.0,0.0,0.0,0.0,0.0,0.0,0.0
2.0,1.51481087819,5.0,3.94430452611e-30,0.0,5.3290705182e-15,-7.1054273576e-15,2.22044604925e-15,13.0,-6.14370632203e-16,0.0,1.88453746604,-1.31495706674,0.297559238664,0.0,0.0,0.0,0.0,0.0,0.0,0.0,0.0,0.0,0.0,0.0,0.0,0.0,0.0,0.0,0.0
2.0,0.755750521183,5.0,-3.5527136788e-15,-4.4408920985e-16,6.1348930638e-14,-1.39428617206e-13,3.93981966513e-14,15.0,2.52389278403,0.80286534216,-1.38783973232,1.14864307325,-0.574245535297,0.0,0.0,0.0,0.0,0.0,0.0,0.0,0.0,0.0,0.0,0.0,0.0,0.0,0.0,0.0,0.0
2.0,1.81163022293,5.0,-1.39392573661e-14,-4.25215418431e-14,9.39406274565e-14,-5.55052585574e-14,1.03216901731e-14,17.0,2.4060485984,-0.886020739904,0.432435031175,-0.357797659867,0.093877220525,0.0,0.0,0.0,0.0,0.0,0.0,0.0,0.0,0.0,0.0,0.0,0.0,0.0,0.0,0.0,0.0
segment,duration,x^0,x^1,x^2,x^3,x^4,x^5,x^6,x^7,y^0,y^1,y^2,y^3,y^4,y^5,y^6,y^7,z^0,z^1,z^2,z^3,z^4,z^5,z^6,z^7,yaw^0,yaw^1,yaw^2,yaw^3,yaw^4,yaw^5,yaw^6,yaw^7
0.0,1.56933148057,0.0,1.95298097143e-16,0.0,1.95048068226,-1.38569420549,0.301126535632,10.0,-5.68028033249e-29,0.0,3.19744231092e-14,-2.48689957516e-14,3.5527136788e-15,0.0,0.0,0.0,0.0,0.0,0.0,0.0,0.0,0.0,0.0,0.0,0.0,0.0,0.0,0.0,0.0
0.0,0.936871099764,2.0,2.12061069833,0.345069760656,-0.729359259541,0.608823927695,-0.22010927972,10.0,-5.95079541199e-14,-1.00364161426e-13,1.14337901349e-12,-1.60335737582e-12,6.05432062282e-13,0.0,0.0,0.0,0.0,0.0,0.0,0.0,0.0,0.0,0.0,0.0,0.0,0.0,0.0,0.0,0.0
0.0,1.01757147042,4.0,2.00137321808,-0.308571594774,0.331224463225,-0.101993967627,0.0397431570043,10.0,-1.81234978976e-13,-2.54241072639e-13,2.45904047336e-12,-3.3947767952e-12,1.38374804725e-12,0.0,0.0,0.0,0.0,0.0,0.0,0.0,0.0,0.0,0.0,0.0,0.0,0.0,0.0,0.0,0.0
0.0,0.850418544422,6.0,2.18546693601,0.487642515189,-0.553903546984,0.484425519001,-0.278571644242,10.0,-7.19424519957e-14,5.64437385719e-13,-1.50882396041e-12,1.63054403225e-12,-6.72049884046e-13,0.0,0.0,0.0,0.0,0.0,0.0,0.0,0.0,0.0,0.0,0.0,0.0,0.0,0.0,0.0,0.0
0.0,1.56478029482,8.0,2.27634675951,-0.536730176501,0.671027104629,-0.908589044883,0.280185631823,10.0,1.07275299754e-14,-4.76008121808e-14,6.6082685038e-14,-3.44435046112e-14,7.06628370445e-15,0.0,0.0,0.0,0.0,0.0,0.0,0.0,0.0,0.0,0.0,0.0,0.0,0.0,0.0,0.0,0.0
1.0,3.29547744795,10.0,-9.76932832868e-17,-2.155823309e-15,-0.238619751168,0.0669547717968,-0.00606345100604,10.0,7.08668439265e-16,2.54542993425e-16,-0.143294966293,0.0688462873105,-0.00769665818073,0.0,0.0,0.0,0.0,0.0,0.0,0.0,0.0,0.0,0.0,0.0,0.0,0.0,0.0,0.0,0.0
1.0,1.61660265236,7.0,-1.7649854402,-0.166333421029,-0.373027693254,0.859337296823,-0.272181745535,10.0,0.648433169244,0.314820091065,0.293985071346,-0.606945986786,0.184066821566,0.0,0.0,0.0,0.0,0.0,0.0,0.0,0.0,0.0,0.0,0.0,0.0,0.0,0.0,0.0,0.0
2.0,1.55255290875,5.0,0.0,0.0,-5.3290705182e-15,5.3290705182e-15,-1.7763568394e-15,11.0,-5.58425868103e-15,0.0,1.93668267419,-1.37189289709,0.301878538495,0.0,0.0,0.0,0.0,0.0,0.0,0.0,0.0,0.0,0.0,0.0,0.0,0.0,0.0,0.0,0.0
2.0,0.815020502673,5.0,6.66133814775e-16,-4.88498130835e-15,1.66149030602e-14,-3.63792637188e-14,1.94066935179e-14,13.0,2.23830042082,0.476693017132,-0.678268819539,0.763183388681,-0.3073208486,0.0,0.0,0.0,0.0,0.0,0.0,0.0,0.0,0.0,0.0,0.0,0.0,0.0,0.0,0.0,0.0
2.0,0.771188788283,5.0,-3.33066907388e-15,-6.2172489379e-15,-3.07835024633e-14,1.46496393946e-13,-1.26454218805e-13,15.0,2.63839407189,0.19618548052,-0.444486655901,0.32700313307,-0.231816587833,0.0,0.0,0.0,0.0,0.0,0.0,0.0,0.0,0.0,0.0,0.0,0.0,0.0,0.0,0.0,0.0
2.0,1.69208618064,5.0,-1.70279568799e-14,-9.5895513752e-14,1.81464454886e-13,-1.08091661546e-13,2.1449270893e-14,17.0,2.33784513317,-0.728576313718,0.52066648834,-0.56238142653,0.159895039169,0.0,0.0,0.0,0.0,0.0,0.0,0.0,0.0,0.0,0.0,0.0,0.0,0.0,0.0,0.0,0.0
